,date,trip_num,trip_dur,trip_dur_avg,mean_temperature_f,mean_wind_speed_mph,events
0,2013-08-29,742,760268,1024.6199460916441,68.0,11.0,
1,2013-08-30,713,1789207,2509.406732117812,69.0,13.0,
2,2013-08-31,638,1986155,3113.0956112852664,64.0,15.0,
4,2013-09-01,705,2336253,3313.8340425531915,66.0,13.0,
3,2013-09-02,658,2051061,3117.113981762918,69.0,12.0,
6,2013-09-03,607,1125162,1853.644151565074,67.0,15.0,
5,2013-09-04,604,1058995,1753.3029801324503,68.0,19.0,
7,2013-09-05,677,1082727,1599.301329394387,66.0,21.0,
8,2013-09-06,811,1295453,1597.3526510480888,71.0,8.0,
10,2013-09-07,792,1727590,2181.300505050505,73.0,8.0,
11,2013-09-08,709,1895518,2673.509167842031,65.0,11.0,
9,2013-09-09,773,1401779,1813.4269081500647,66.0,11.0,
12,2013-09-10,892,989982,1109.8452914798206,66.0,8.0,
13,2013-09-11,882,841342,953.9024943310658,68.0,9.0,
14,2013-09-12,938,1169426,1246.722814498934,65.0,11.0,Fog
16,2013-09-13,975,1316631,1350.3907692307691,62.0,15.0,
17,2013-09-14,708,1991135,2812.337570621469,62.0,16.0,
15,2013-09-15,626,2043413,3264.238019169329,66.0,13.0,
20,2013-09-16,910,962576,1057.7758241758243,65.0,16.0,
19,2013-09-17,1076,1401816,1302.8029739776953,63.0,22.0,
18,2013-09-18,1111,1266923,1140.3447344734473,66.0,10.0,
21,2013-09-19,1047,1165981,1113.639923591213,67.0,10.0,
22,2013-09-20,1095,1022445,933.7397260273973,65.0,10.0,
23,2013-09-21,385,571484,1484.374025974026,63.0,12.0,Rain
24,2013-09-22,586,1613415,2753.267918088737,63.0,10.0,
25,2013-09-23,1055,1259708,1194.036018957346,68.0,9.0,
27,2013-09-24,1073,952985,888.1500465983224,65.0,19.0,
28,2013-09-25,1266,1616161,1276.588467614534,62.0,20.0,
29,2013-09-26,1081,924753,855.4606845513414,62.0,11.0,
30,2013-09-27,1095,1201790,1097.5251141552512,66.0,7.0,
31,2013-09-28,612,1125009,1838.25,66.0,9.0,
32,2013-09-29,523,913360,1746.3862332695985,66.0,7.0,
26,2013-09-30,973,2048636,2105.4840698869475,66.0,10.0,Fog
34,2013-10-01,1070,999630,934.2336448598131,63.0,13.0,
35,2013-10-02,1067,1082727,1014.7394564198688,62.0,14.0,
33,2013-10-03,1160,1640174,1413.943103448276,62.0,13.0,
36,2013-10-04,1085,1076824,992.4645161290323,69.0,9.0,
37,2013-10-05,716,1535323,2144.3058659217877,69.0,5.0,
38,2013-10-06,608,1581169,2600.6069078947367,70.0,5.0,
39,2013-10-07,961,900832,937.3902185223725,68.0,9.0,
40,2013-10-08,1016,1079277,1062.2805118110236,62.0,10.0,
42,2013-10-09,1071,1093984,1021.4603174603175,60.0,8.0,
41,2013-10-10,1090,1331196,1221.2807339449541,62.0,5.0,
44,2013-10-11,1013,878247,866.9763079960513,57.0,9.0,
43,2013-10-12,665,1326291,1994.4225563909774,56.0,13.0,Fog
45,2013-10-13,570,1513629,2655.4894736842107,62.0,7.0,
46,2013-10-14,1047,1165421,1113.1050620821395,64.0,5.0,
47,2013-10-15,1172,1543309,1316.816552901024,67.0,5.0,
48,2013-10-16,1169,1271201,1087.4260051325919,67.0,4.0,
50,2013-10-17,1225,906016,739.6048979591836,68.0,7.0,
49,2013-10-18,1100,1189001,1080.91,60.0,10.0,
53,2013-10-19,639,1488106,2328.8043818466354,62.0,9.0,
52,2013-10-20,453,1235718,2727.8543046357618,57.0,11.0,Fog
54,2013-10-21,1017,947700,931.858407079646,55.0,9.0,
51,2013-10-22,1027,1235721,1203.2336903602727,56.0,10.0,Fog
55,2013-10-23,1029,734620,713.9164237123421,55.0,9.0,Fog
56,2013-10-24,1052,709716,674.6349809885932,57.0,9.0,
57,2013-10-25,1047,909664,868.829035339064,59.0,9.0,
58,2013-10-26,492,1082844,2200.9024390243903,60.0,9.0,Fog
60,2013-10-27,300,917032,3056.7733333333335,55.0,18.0,Rain
59,2013-10-28,969,822976,849.3044375644995,57.0,15.0,
61,2013-10-29,1008,932315,924.9156746031746,58.0,7.0,
62,2013-10-30,1124,834428,742.373665480427,57.0,7.0,
63,2013-10-31,1143,925148,809.403324584427,59.0,4.0,
64,2013-11-01,1123,933317,831.0926090828139,63.0,4.0,
65,2013-11-02,541,1212839,2241.8465804066545,57.0,13.0,
66,2013-11-03,375,835603,2228.2746666666667,55.0,9.0,
67,2013-11-04,1127,997079,884.7196095829636,56.0,9.0,
69,2013-11-05,1158,891540,769.8963730569948,61.0,4.0,
68,2013-11-06,1088,1302114,1196.795955882353,61.0,0.0,
70,2013-11-07,1196,1222850,1022.4498327759197,64.0,8.0,
71,2013-11-08,1173,1318130,1123.7254901960785,60.0,8.0,Fog
72,2013-11-09,631,1625597,2576.2234548335973,57.0,3.0,
73,2013-11-10,484,959397,1982.2252066115702,58.0,5.0,
74,2013-11-11,988,1064348,1077.2753036437248,58.0,5.0,
75,2013-11-12,1153,860910,746.6695576756288,64.0,7.0,
76,2013-11-13,1003,610318,608.4925224327019,60.0,8.0,Fog
77,2013-11-14,1114,746027,669.6831238779174,56.0,13.0,
79,2013-11-15,1124,947806,843.2437722419929,58.0,12.0,
78,2013-11-16,477,1160419,2432.7442348008385,56.0,14.0,
81,2013-11-17,409,886056,2166.39608801956,56.0,6.0,
80,2013-11-18,1009,1082718,1073.0604558969276,53.0,5.0,
83,2013-11-19,751,483396,643.6697736351531,58.0,7.0,Rain
84,2013-11-20,623,398722,640.0032102728732,55.0,7.0,Rain
82,2013-11-21,1105,1040479,941.6099547511312,56.0,11.0,Rain
85,2013-11-22,989,821483,830.6198179979777,63.0,14.0,
86,2013-11-23,529,1034742,1956.0340264650283,58.0,5.0,
88,2013-11-24,348,636927,1830.25,53.0,3.0,
87,2013-11-25,1020,948870,930.2647058823529,53.0,2.0,
89,2013-11-26,1003,716370,714.2273180458624,55.0,2.0,
90,2013-11-27,721,741883,1028.9639389736476,55.0,1.0,
91,2013-11-28,270,868410,3216.3333333333335,58.0,4.0,
92,2013-11-29,378,976105,2582.2883597883597,54.0,3.0,Fog
93,2013-11-30,308,827563,2686.8928571428573,54.0,4.0,Fog
94,2013-12-01,327,715615,2188.4250764525996,57.0,4.0,
95,2013-12-02,883,1322138,1497.3250283125708,54.0,14.0,Fog-Rain
97,2013-12-03,919,1040052,1131.721436343852,51.0,14.0,
98,2013-12-04,993,739759,744.9738167170192,46.0,5.0,
99,2013-12-05,935,583544,624.1112299465241,43.0,4.0,
100,2013-12-06,726,640123,881.7121212121212,45.0,9.0,Rain
102,2013-12-07,279,327978,1175.5483870967741,45.0,13.0,Rain
96,2013-12-08,275,954319,3470.2509090909093,42.0,10.0,
101,2013-12-09,808,732280,906.2871287128713,44.0,8.0,
103,2013-12-10,877,496038,565.6077537058153,43.0,3.0,
104,2013-12-11,903,662777,733.9723145071982,48.0,3.0,
105,2013-12-12,965,684277,709.0953367875647,46.0,4.0,
106,2013-12-13,964,847652,879.3070539419087,47.0,4.0,
107,2013-12-14,390,532015,1364.1410256410256,50.0,2.0,
108,2013-12-15,320,481260,1503.9375,50.0,2.0,
109,2013-12-16,945,813507,860.8539682539682,54.0,2.0,
110,2013-12-17,975,701856,719.8523076923077,53.0,3.0,
111,2013-12-18,926,803998,868.2483801295896,51.0,12.0,
113,2013-12-19,936,669144,714.8974358974359,53.0,12.0,
114,2013-12-20,866,875086,1010.4919168591224,50.0,5.0,
115,2013-12-21,353,422200,1196.0339943342776,54.0,7.0,
116,2013-12-22,310,1084202,3497.425806451613,54.0,1.0,
117,2013-12-23,651,677746,1041.084485407066,52.0,1.0,
118,2013-12-24,333,381510,1145.6756756756756,52.0,2.0,
112,2013-12-25,362,1877864,5187.469613259668,53.0,1.0,
120,2013-12-26,423,777135,1837.1985815602836,53.0,1.0,
119,2013-12-27,426,776445,1822.6408450704225,50.0,2.0,
121,2013-12-28,401,880051,2194.640897755611,52.0,2.0,
122,2013-12-29,314,965565,3075.047770700637,55.0,3.0,
123,2013-12-30,610,865538,1418.9147540983606,51.0,3.0,
124,2013-12-31,503,787080,1564.7713717693837,50.0,3.0,Fog
126,2014-01-01,359,1100653,3065.885793871866,49.0,1.0,
127,2014-01-02,767,745012,971.3324641460234,53.0,1.0,
125,2014-01-03,780,1077429,1381.3192307692307,54.0,4.0,
128,2014-01-04,358,744466,2079.513966480447,55.0,2.0,Fog
129,2014-01-05,295,440990,1494.8813559322034,55.0,5.0,
130,2014-01-06,915,686185,749.9289617486339,52.0,2.0,
131,2014-01-07,968,787111,813.1311983471074,54.0,4.0,Rain
132,2014-01-08,966,696754,721.2774327122153,56.0,9.0,
133,2014-01-09,980,785523,801.554081632653,56.0,12.0,
134,2014-01-10,981,836095,852.2884811416922,54.0,6.0,
135,2014-01-11,248,477957,1927.2459677419354,52.0,6.0,
137,2014-01-12,352,749656,2129.7045454545455,53.0,7.0,
138,2014-01-13,1012,710504,702.0790513833992,55.0,3.0,
139,2014-01-14,1028,699153,680.1099221789883,58.0,2.0,
136,2014-01-15,1101,1590061,1444.197093551317,61.0,3.0,
140,2014-01-16,1098,722953,658.4271402550091,60.0,2.0,
142,2014-01-17,1010,745188,737.809900990099,56.0,1.0,
143,2014-01-18,445,961264,2160.143820224719,55.0,1.0,
141,2014-01-19,399,1160223,2907.8270676691727,55.0,2.0,
144,2014-01-20,615,771341,1254.2130081300813,55.0,2.0,
145,2014-01-21,1012,722482,713.9150197628459,56.0,2.0,
146,2014-01-22,1069,819637,766.7324602432179,55.0,5.0,
147,2014-01-23,1097,888256,809.7137648131267,57.0,5.0,
148,2014-01-24,1020,652484,639.6901960784314,55.0,3.0,
149,2014-01-25,440,766489,1742.0204545454546,57.0,2.0,
150,2014-01-26,392,786812,2007.1734693877552,57.0,6.0,
152,2014-01-27,961,500681,521.0,54.0,6.0,
153,2014-01-28,1024,853857,833.8447265625,59.0,5.0,
155,2014-01-29,953,601985,631.6736621196222,59.0,8.0,Rain
154,2014-01-30,946,791277,836.4450317124736,55.0,14.0,Rain
156,2014-01-31,837,642543,767.673835125448,54.0,12.0,
151,2014-02-01,385,1390619,3611.9974025974025,51.0,6.0,
157,2014-02-02,128,194415,1518.8671875,53.0,12.0,Rain
158,2014-02-03,963,854712,887.5514018691589,51.0,11.0,
159,2014-02-04,988,658514,666.5121457489879,50.0,7.0,
160,2014-02-05,867,995411,1148.109573241061,49.0,7.0,Rain
161,2014-02-06,485,372755,768.5670103092783,50.0,7.0,Rain
162,2014-02-07,469,416332,887.7014925373135,54.0,11.0,Rain
163,2014-02-08,92,62467,678.9891304347826,56.0,13.0,Rain
164,2014-02-09,83,229238,2761.9036144578313,57.0,9.0,Rain
165,2014-02-10,802,469329,585.1982543640897,54.0,10.0,Rain
167,2014-02-11,938,566925,604.3976545842218,53.0,9.0,
166,2014-02-12,1013,964634,952.2546890424481,51.0,6.0,Fog
168,2014-02-13,939,704323,750.0777422790202,59.0,8.0,Fog
169,2014-02-14,948,933440,984.6413502109705,61.0,5.0,
171,2014-02-15,424,842603,1987.2712264150944,57.0,5.0,Rain
170,2014-02-16,416,998475,2400.1802884615386,57.0,8.0,
172,2014-02-17,463,687462,1484.7991360691144,54.0,10.0,
173,2014-02-18,1014,798652,787.6252465483235,55.0,8.0,
175,2014-02-19,1013,836912,826.1717670286279,57.0,14.0,
174,2014-02-20,969,857162,884.5841073271414,56.0,6.0,
176,2014-02-21,938,897806,957.1492537313433,58.0,7.0,
177,2014-02-22,466,1039374,2230.4163090128754,56.0,9.0,
178,2014-02-23,319,945575,2964.1849529780566,55.0,8.0,
179,2014-02-24,1009,906475,898.3894945490584,58.0,6.0,
181,2014-02-25,1092,1065801,976.0082417582418,55.0,6.0,
180,2014-02-26,395,555147,1405.4354430379747,57.0,15.0,Rain
182,2014-02-27,867,557990,643.5870818915802,58.0,15.0,Rain
183,2014-02-28,539,503446,934.0371057513914,59.0,13.0,rain
184,2014-03-01,320,787508,2460.9625,62.0,10.0,Rain
185,2014-03-02,207,440922,2130.057971014493,57.0,9.0,Rain
368,2014-03-03,747,631498,845.3788487282463,56.0,6.0,Rain
367,2014-03-04,945,839346,888.1968253968254,61.0,5.0,Rain
366,2014-03-05,976,576855,591.0399590163935,60.0,6.0,Rain
365,2014-03-06,1016,1100596,1083.263779527559,58.0,8.0,Rain
364,2014-03-07,988,998164,1010.2874493927126,57.0,6.0,
363,2014-03-08,467,823750,1763.9186295503212,59.0,4.0,Fog
362,2014-03-09,547,1114011,2036.583180987203,63.0,6.0,Rain
361,2014-03-10,983,1313492,1336.207527975585,62.0,8.0,Rain
360,2014-03-11,1113,1058439,950.978436657682,61.0,11.0,
359,2014-03-12,1041,794239,762.9577329490875,66.0,16.0,
358,2014-03-13,1136,1013671,892.3160211267606,58.0,6.0,
357,2014-03-14,1021,827102,810.0901077375122,60.0,7.0,
356,2014-03-15,492,934428,1899.2439024390244,62.0,6.0,Fog
355,2014-03-16,458,1850219,4039.779475982533,60.0,8.0,Fog
354,2014-03-17,999,691237,691.9289289289289,59.0,11.0,
353,2014-03-18,1142,1068483,935.6243432574431,57.0,5.0,
352,2014-03-19,1159,936740,808.2312338222606,59.0,6.0,
351,2014-03-20,1127,776798,689.2617568766638,60.0,8.0,
350,2014-03-21,1003,780444,778.1096709870388,56.0,8.0,
349,2014-03-22,426,1659930,3896.549295774648,58.0,8.0,
348,2014-03-23,374,1270454,3396.9358288770054,57.0,7.0,
347,2014-03-24,1013,1181177,1166.0187561697926,59.0,6.0,
346,2014-03-25,929,555115,597.5403659849301,54.0,8.0,Rain
345,2014-03-26,717,680616,949.255230125523,58.0,12.0,Rain
344,2014-03-27,1068,846274,792.3913857677902,61.0,9.0,
343,2014-03-28,975,791459,811.7528205128206,63.0,9.0,Rain
342,2014-03-29,117,405927,3469.4615384615386,57.0,12.0,Rain
341,2014-03-30,388,775999,1999.9974226804125,56.0,10.0,
340,2014-03-31,702,860554,1225.8603988603988,53.0,13.0,Rain
339,2014-04-01,521,392034,752.464491362764,52.0,13.0,Rain
338,2014-04-02,987,646612,655.1286727456941,53.0,8.0,Rain
337,2014-04-03,997,740926,743.1554663991976,54.0,8.0,
336,2014-04-04,842,567313,673.7684085510689,56.0,8.0,Rain
335,2014-04-05,514,1394585,2713.2003891050585,56.0,7.0,
334,2014-04-06,378,1109216,2934.4338624338625,61.0,5.0,
333,2014-04-07,1124,1140445,1014.6307829181495,65.0,6.0,
332,2014-04-08,1269,1189632,937.4562647754137,67.0,6.0,
331,2014-04-09,1120,774632,691.6357142857142,59.0,8.0,
330,2014-04-10,1032,1284625,1244.7916666666667,63.0,7.0,
329,2014-04-11,1014,1137376,1121.67258382643,58.0,9.0,
328,2014-04-12,463,737247,1592.3261339092874,59.0,11.0,
327,2014-04-13,413,1486160,3598.450363196126,61.0,9.0,
326,2014-04-14,1047,869397,830.3696275071633,59.0,8.0,
325,2014-04-15,1162,960701,826.7650602409639,59.0,8.0,
324,2014-04-16,1223,821703,671.874897792314,62.0,8.0,
323,2014-04-17,1145,1136637,992.6960698689957,58.0,7.0,
322,2014-04-18,982,997022,1015.2973523421589,58.0,8.0,
321,2014-04-19,421,884514,2100.9833729216152,59.0,12.0,
320,2014-04-20,378,1979770,5237.486772486773,63.0,6.0,
319,2014-04-21,1054,1374459,1304.0407969639468,59.0,9.0,
318,2014-04-22,1066,740704,694.844277673546,59.0,19.0,Rain
317,2014-04-23,1087,896827,825.0478380864765,56.0,9.0,
316,2014-04-24,1016,702669,691.6033464566929,59.0,9.0,Rain
315,2014-04-25,601,512033,851.9683860232946,55.0,12.0,Rain
314,2014-04-26,379,746417,1969.4379947229552,53.0,10.0,
313,2014-04-27,352,831162,2361.255681818182,58.0,13.0,Rain
312,2014-04-28,1181,1270228,1075.5529212531753,59.0,7.0,
311,2014-04-29,1230,909815,739.6869918699186,67.0,4.0,
310,2014-04-30,1221,880849,721.4160524160524,73.0,5.0,
309,2014-05-01,1187,939884,791.8146588037068,71.0,6.0,
308,2014-05-02,1038,882574,850.2639691714836,63.0,8.0,Fog
307,2014-05-03,386,686952,1779.6683937823834,61.0,16.0,
306,2014-05-04,417,860060,2062.494004796163,63.0,15.0,
305,2014-05-05,1156,942130,814.9913494809689,61.0,17.0,
304,2014-05-06,1128,862254,764.4095744680851,61.0,11.0,
303,2014-05-07,1173,911086,776.7144075021313,58.0,12.0,
302,2014-05-08,1052,718067,682.5731939163499,60.0,10.0,Rain
301,2014-05-09,1047,1293007,1234.96370582617,62.0,16.0,
300,2014-05-10,433,860658,1987.6628175519631,61.0,12.0,
299,2014-05-11,340,890689,2619.673529411765,65.0,10.0,
298,2014-05-12,1181,884734,749.1397121083827,66.0,6.0,
297,2014-05-13,1234,880166,713.2625607779579,74.0,5.0,
296,2014-05-14,1180,975259,826.4906779661017,75.0,6.0,
295,2014-05-15,1203,1000086,831.3266832917706,70.0,6.0,
294,2014-05-16,1138,1255573,1103.3154657293496,63.0,12.0,
293,2014-05-17,485,1373612,2832.1896907216496,61.0,13.0,
292,2014-05-18,424,1298465,3062.4174528301887,63.0,16.0,
291,2014-05-19,1115,1283491,1151.1130044843048,62.0,16.0,
290,2014-05-20,1124,1249312,1111.4875444839859,63.0,11.0,
289,2014-05-21,1103,727324,659.4052583862194,63.0,11.0,
288,2014-05-22,1215,855241,703.9020576131687,62.0,11.0,
287,2014-05-23,1088,922288,847.6911764705883,61.0,10.0,
286,2014-05-24,434,691398,1593.0829493087558,61.0,10.0,
285,2014-05-25,547,1545636,2825.6599634369286,65.0,8.0,
284,2014-05-26,457,1237605,2708.1072210065645,62.0,8.0,
283,2014-05-27,1205,1298351,1077.4697095435686,61.0,8.0,
282,2014-05-28,1280,1426475,1114.43359375,62.0,9.0,
281,2014-05-29,1209,991874,820.4086021505376,64.0,8.0,
280,2014-05-30,1073,868102,809.0419384902143,59.0,12.0,
279,2014-05-31,446,1177671,2640.517937219731,61.0,10.0,
278,2014-06-01,470,1510260,3213.31914893617,62.0,9.0,
277,2014-06-02,1292,1314155,1017.1478328173374,60.0,11.0,
276,2014-06-03,1325,1292149,975.2067924528302,60.0,11.0,
275,2014-06-04,1298,1172488,903.3035439137134,61.0,8.0,
274,2014-06-05,1217,1034550,850.0821692686935,60.0,11.0,
273,2014-06-06,1161,1057229,910.619293712317,61.0,10.0,
272,2014-06-07,435,963002,2213.7977011494254,63.0,8.0,
271,2014-06-08,501,1515084,3024.119760479042,70.0,7.0,
270,2014-06-09,1298,958780,738.6594761171033,68.0,10.0,
269,2014-06-10,1253,862079,688.0119712689545,63.0,10.0,
268,2014-06-11,1280,985575,769.98046875,64.0,12.0,
267,2014-06-12,1172,1010843,862.4940273037543,61.0,14.0,
266,2014-06-13,1162,1105270,951.1790017211704,64.0,8.0,
265,2014-06-14,442,978700,2214.2533936651585,67.0,9.0,
264,2014-06-15,393,963610,2451.9338422391857,61.0,13.0,
263,2014-06-16,1263,910087,720.575613618369,61.0,14.0,
262,2014-06-17,1221,1187960,972.940212940213,62.0,7.0,
261,2014-06-18,1255,998001,795.2199203187251,68.0,7.0,
260,2014-06-19,1238,1291717,1043.3901453957997,61.0,9.0,
259,2014-06-20,1152,1249916,1084.9965277777778,64.0,10.0,
258,2014-06-21,364,1572684,4320.56043956044,59.0,8.0,
257,2014-06-22,454,1043705,2298.909691629956,60.0,12.0,
256,2014-06-23,1194,1456354,1219.7269681742043,63.0,9.0,
255,2014-06-24,1334,1014896,760.791604197901,62.0,10.0,
254,2014-06-25,1220,931094,763.1918032786886,63.0,13.0,
253,2014-06-26,1298,1588938,1224.1432973805854,65.0,12.0,Rain
252,2014-06-27,1134,1054378,929.7865961199294,64.0,9.0,
251,2014-06-28,496,1264289,2548.969758064516,65.0,9.0,
250,2014-06-29,410,828127,2019.8219512195121,67.0,8.0,
249,2014-06-30,1255,1440802,1148.0494023904382,70.0,9.0,
248,2014-07-01,1211,1145994,946.3203963666391,64.0,10.0,
247,2014-07-02,1245,1191549,957.0674698795181,64.0,11.0,
246,2014-07-03,1027,1229875,1197.5413826679649,62.0,10.0,
245,2014-07-04,383,988341,2580.524804177546,61.0,9.0,
244,2014-07-05,388,1366433,3521.7345360824743,63.0,7.0,
243,2014-07-06,368,634281,1723.5896739130435,62.0,10.0,
242,2014-07-07,1210,862756,713.0214876033058,62.0,9.0,
241,2014-07-08,1197,783661,654.687552213868,63.0,9.0,
240,2014-07-09,1343,1189491,885.6969471332837,64.0,8.0,
239,2014-07-10,1229,1138754,926.5695687550855,67.0,9.0,
238,2014-07-11,1078,987505,916.0528756957328,67.0,13.0,
237,2014-07-12,435,1044697,2401.6022988505747,64.0,12.0,
236,2014-07-13,417,1181653,2833.7002398081536,65.0,8.0,
235,2014-07-14,1219,982160,805.7095980311731,67.0,9.0,
234,2014-07-15,1297,966763,745.3839629915188,68.0,11.0,
233,2014-07-16,1309,882721,674.3475935828877,68.0,14.0,
232,2014-07-17,1301,926861,712.4219830899308,68.0,13.0,
231,2014-07-18,1155,1162171,1006.2086580086581,67.0,12.0,
230,2014-07-19,430,1733112,4030.493023255814,67.0,10.0,
229,2014-07-20,405,1156531,2855.632098765432,68.0,11.0,
228,2014-07-21,1225,1737625,1418.469387755102,69.0,11.0,
227,2014-07-22,1326,876160,660.7541478129714,70.0,10.0,Rain
226,2014-07-23,1366,1107524,810.7789165446559,70.0,9.0,
225,2014-07-24,1297,978114,754.135697764071,73.0,7.0,
224,2014-07-25,1204,1337927,1111.235049833887,75.0,8.0,
223,2014-07-26,493,1223604,2481.95537525355,69.0,11.0,
222,2014-07-27,448,1204122,2687.7723214285716,70.0,11.0,
221,2014-07-28,1295,1239331,957.0123552123553,67.0,10.0,
220,2014-07-29,1367,1159568,848.2574981711778,68.0,11.0,
219,2014-07-30,1352,1368891,1012.4933431952662,66.0,11.0,
218,2014-07-31,1258,1303522,1036.1860095389507,65.0,9.0,
217,2014-08-01,1163,1166662,1003.1487532244196,65.0,9.0,
216,2014-08-02,386,609740,1579.6373056994819,64.0,10.0,
215,2014-08-03,364,625820,1719.2857142857142,65.0,11.0,
214,2014-08-04,1172,975807,832.5998293515358,67.0,10.0,
213,2014-08-05,1308,1003006,766.8241590214067,68.0,7.0,
212,2014-08-06,1258,1073659,853.4650238473768,69.0,8.0,Rain
211,2014-08-07,1252,1018830,813.761980830671,65.0,7.0,
210,2014-08-08,1175,1308953,1114.0025531914894,66.0,11.0,
209,2014-08-09,377,615112,1631.5968169761272,63.0,12.0,
208,2014-08-10,435,973663,2238.305747126437,67.0,9.0,
207,2014-08-11,1231,1024664,832.3834281072299,67.0,9.0,
206,2014-08-12,1383,1173130,848.2501807664497,68.0,10.0,
205,2014-08-13,1248,889972,713.1185897435897,68.0,9.0,
204,2014-08-14,1249,939939,752.5532425940753,66.0,9.0,
203,2014-08-15,1178,1203805,1021.9057724957555,66.0,9.0,
202,2014-08-16,424,1098920,2591.7924528301887,67.0,9.0,
201,2014-08-17,403,916046,2273.0669975186106,65.0,10.0,
200,2014-08-18,1272,1206015,948.125,64.0,11.0,
199,2014-08-19,1281,1075140,839.2974238875878,67.0,10.0,Rain
198,2014-08-20,1330,1191945,896.1992481203008,68.0,10.0,
197,2014-08-21,1351,1356366,1003.9718726868986,68.0,8.0,
196,2014-08-22,1233,1180681,957.5677210056772,69.0,8.0,
195,2014-08-23,485,1462655,3015.783505154639,68.0,9.0,
194,2014-08-24,344,905532,2632.360465116279,67.0,11.0,
193,2014-08-25,1374,1304339,949.3005822416303,68.0,11.0,
192,2014-08-26,1515,1895794,1251.3491749174918,69.0,9.0,
191,2014-08-27,1476,1280320,867.4254742547425,68.0,9.0,
190,2014-08-28,1343,1178485,877.5018615040954,68.0,9.0,
189,2014-08-29,1251,1900139,1518.8960831334932,67.0,7.0,
188,2014-08-30,480,1421279,2960.9979166666667,68.0,8.0,Fog
186,2014-08-31,472,1557251,3299.260593220339,69.0,8.0,
187,2014-09-01,370,1239888,3351.048648648649,70.0,7.0,
732,2014-09-02,1317,1092961,829.8868640850418,66.0,8.0,
731,2014-09-03,1409,1089531,773.2654364797729,69.0,8.0,
730,2014-09-04,1387,931059,671.2754145638067,68.0,8.0,
729,2014-09-05,1262,962831,762.9405705229794,66.0,8.0,
728,2014-09-06,438,927828,2118.328767123288,66.0,9.0,
727,2014-09-07,336,832514,2477.720238095238,66.0,10.0,
726,2014-09-08,1303,1235762,948.3975441289332,64.0,12.0,
725,2014-09-09,1361,1335209,981.0499632623071,65.0,7.0,
724,2014-09-10,1355,1386391,1023.1667896678966,68.0,5.0,
723,2014-09-11,1375,1171968,852.3403636363637,70.0,7.0,
722,2014-09-12,1310,1350561,1030.9625954198473,67.0,8.0,
721,2014-09-13,557,1051737,1888.21723518851,67.0,8.0,
720,2014-09-14,431,1148663,2665.1113689095127,67.0,8.0,
719,2014-09-15,1517,1495170,985.609756097561,70.0,9.0,
718,2014-09-16,1438,1885560,1311.2378303198886,68.0,7.0,
717,2014-09-17,1433,1308362,913.023028611305,69.0,9.0,Rain
716,2014-09-18,1185,844235,712.4345991561181,70.0,9.0,Rain
715,2014-09-19,1244,1055528,848.4951768488746,66.0,7.0,
714,2014-09-20,430,990124,2302.6139534883723,67.0,9.0,
713,2014-09-21,312,679032,2176.3846153846152,67.0,11.0,
712,2014-09-22,1354,1246110,920.3175775480059,69.0,9.0,
711,2014-09-23,1362,996835,731.8906020558003,69.0,8.0,Rain
710,2014-09-24,1300,949019,730.0146153846154,71.0,9.0,Rain
709,2014-09-25,1175,1108362,943.2868085106383,65.0,6.0,Rain
708,2014-09-26,1244,1223802,983.7636655948553,67.0,9.0,
707,2014-09-27,467,836692,1791.6316916488222,63.0,9.0,
706,2014-09-28,374,807726,2159.695187165775,67.0,7.0,
705,2014-09-29,1332,883192,663.057057057057,63.0,8.0,
704,2014-09-30,1307,1065279,815.0566182096404,65.0,7.0,
703,2014-10-01,1390,1004505,722.6654676258993,68.0,4.0,
702,2014-10-02,1452,1167298,803.9242424242424,70.0,6.0,
701,2014-10-03,1194,1003357,840.3324958123953,72.0,5.0,
700,2014-10-04,420,1435590,3418.0714285714284,74.0,4.0,
699,2014-10-05,327,765889,2342.1681957186543,71.0,5.0,
698,2014-10-06,1167,760756,651.8903170522708,68.0,6.0,Fog
697,2014-10-07,1293,978179,756.5189481825213,62.0,7.0,Fog
696,2014-10-08,1368,891057,651.3574561403509,64.0,5.0,
695,2014-10-09,1305,768787,589.1088122605364,62.0,9.0,
694,2014-10-10,1297,1092713,842.4926754047802,61.0,9.0,
693,2014-10-11,549,1102660,2008.488160291439,64.0,6.0,
692,2014-10-12,449,1767964,3937.5590200445436,69.0,4.0,
691,2014-10-13,1265,1290310,1020.0079051383399,67.0,6.0,
690,2014-10-14,1494,978538,654.9785809906292,65.0,9.0,
689,2014-10-15,1381,1014678,734.7414916727009,63.0,8.0,Rain
688,2014-10-16,1467,1207939,823.4076346284935,61.0,6.0,
687,2014-10-17,1251,835191,667.6187050359712,62.0,4.0,
686,2014-10-18,477,1089446,2283.9538784067086,65.0,6.0,
685,2014-10-19,418,885660,2118.803827751196,63.0,7.0,
684,2014-10-20,1265,1061110,838.8221343873518,62.0,9.0,Rain
683,2014-10-21,1413,1145760,810.8704883227176,60.0,7.0,
682,2014-10-22,1314,951127,723.8409436834095,60.0,5.0,
681,2014-10-23,1394,1822174,1307.154949784792,64.0,4.0,Fog
680,2014-10-24,1424,1273061,894.0035112359551,64.0,9.0,
679,2014-10-25,408,861401,2111.276960784314,65.0,13.0,Rain
678,2014-10-26,471,996062,2114.781316348195,60.0,7.0,
677,2014-10-27,1391,906140,651.4306254493171,57.0,4.0,
676,2014-10-28,1422,951184,668.9057665260196,60.0,6.0,Fog
675,2014-10-29,1494,989171,662.0957161981258,64.0,4.0,
674,2014-10-30,1411,1055136,747.7930545712261,63.0,6.0,
673,2014-10-31,847,917922,1083.733175914994,61.0,8.0,Rain
672,2014-11-01,392,515804,1315.8265306122448,56.0,9.0,
671,2014-11-02,370,1026384,2774.0108108108107,55.0,4.0,
670,2014-11-03,1354,1203807,889.0745937961595,55.0,5.0,
669,2014-11-04,1300,831584,639.68,58.0,4.0,Fog
668,2014-11-05,1383,1127775,815.4555314533623,60.0,3.0,
667,2014-11-06,1411,1023861,725.6279234585401,61.0,4.0,
666,2014-11-07,1300,1771983,1363.063846153846,60.0,4.0,Fog
665,2014-11-08,509,829354,1629.3791748526523,61.0,2.0,Fog
664,2014-11-09,380,819379,2156.2605263157893,59.0,4.0,Fog
663,2014-11-10,1307,1007219,770.6342769701607,56.0,5.0,Fog
662,2014-11-11,1213,797012,657.0585325638912,62.0,9.0,
661,2014-11-12,1362,780915,573.3590308370044,61.0,4.0,Rain
660,2014-11-13,1134,854546,753.5679012345679,60.0,7.0,Rain
659,2014-11-14,1208,781287,646.760761589404,57.0,6.0,Fog
658,2014-11-15,383,765168,1997.8276762402088,55.0,3.0,
657,2014-11-16,270,533123,1974.5296296296297,56.0,5.0,
656,2014-11-17,1300,794105,610.85,57.0,6.0,
655,2014-11-18,1326,839080,632.7903469079939,54.0,5.0,
654,2014-11-19,906,522979,577.2395143487859,57.0,6.0,Rain
653,2014-11-20,885,500382,565.4033898305084,55.0,4.0,Fog-Rain
652,2014-11-21,1208,862788,714.2284768211921,56.0,4.0,
651,2014-11-22,344,524956,1526.0348837209303,59.0,10.0,Rain
650,2014-11-23,236,251071,1063.8601694915253,52.0,2.0,
649,2014-11-24,1283,968064,754.5315666406859,51.0,2.0,
648,2014-11-25,1185,1088426,918.5029535864979,57.0,4.0,
647,2014-11-26,758,507100,668.9973614775726,55.0,3.0,
646,2014-11-27,131,290421,2216.9541984732823,54.0,2.0,Fog
645,2014-11-28,279,637802,2286.0286738351256,52.0,6.0,Fog-Rain
644,2014-11-29,280,367352,1311.9714285714285,59.0,7.0,Rain
643,2014-11-30,122,246227,2018.2540983606557,56.0,4.0,Rain
642,2014-12-01,1181,954221,807.9771380186282,60.0,4.0,Rain
641,2014-12-02,491,253775,516.8533604887983,58.0,9.0,Rain
640,2014-12-03,803,450792,561.3848069738481,61.0,12.0,Rain
639,2014-12-04,1122,917144,817.4188948306595,60.0,5.0,Fog-Rain
638,2014-12-05,980,673311,687.0520408163266,60.0,8.0,Rain
637,2014-12-06,413,563691,1364.869249394673,62.0,6.0,Fog-Rain
636,2014-12-07,298,574323,1927.258389261745,58.0,3.0,Fog
635,2014-12-08,1364,920485,674.842375366569,60.0,4.0,
634,2014-12-09,1309,2220088,1696.0183346065699,59.0,2.0,Fog
633,2014-12-10,1281,794918,620.5448868071819,59.0,10.0,Fog-Rain
632,2014-12-11,108,208163,1927.4351851851852,57.0,14.0,Rain
631,2014-12-12,601,783481,1303.6289517470882,53.0,3.0,Rain
630,2014-12-13,381,1187417,3116.5800524934384,52.0,3.0,
629,2014-12-14,265,466557,1760.5924528301887,54.0,6.0,Rain
628,2014-12-15,638,1159003,1816.6191222570533,53.0,14.0,Rain
627,2014-12-16,774,1596443,2062.5878552971576,56.0,11.0,Rain
626,2014-12-17,816,1485680,1820.686274509804,54.0,8.0,Rain
625,2014-12-18,1127,1192555,1058.167701863354,56.0,6.0,Rain
624,2014-12-19,531,299483,563.9981167608287,56.0,12.0,Rain
623,2014-12-20,307,456361,1486.5179153094462,57.0,4.0,Rain
622,2014-12-21,245,376020,1534.7755102040817,60.0,6.0,Fog-Rain
621,2014-12-22,1020,918743,900.728431372549,57.0,3.0,Fog
620,2014-12-23,805,726589,902.5950310559007,56.0,3.0,Fog
619,2014-12-24,309,736933,2384.8964401294497,55.0,11.0,Fog-Rain
618,2014-12-25,152,503584,3313.0526315789475,52.0,10.0,
617,2014-12-26,326,574725,1762.9601226993866,50.0,7.0,
616,2014-12-27,232,664781,2865.435344827586,47.0,5.0,
615,2014-12-28,295,732508,2483.077966101695,47.0,4.0,
614,2014-12-29,629,558452,887.8410174880763,49.0,3.0,Fog
613,2014-12-30,487,646141,1326.7782340862423,47.0,17.0,
612,2014-12-31,387,570017,1472.9121447028424,48.0,7.0,
611,2015-01-01,179,380276,2124.4469273743016,47.0,8.0,
610,2015-01-02,427,518156,1213.480093676815,41.0,4.0,
609,2015-01-03,282,609726,2162.148936170213,43.0,2.0,
608,2015-01-04,207,313930,1516.5700483091787,45.0,3.0,
607,2015-01-05,1186,813578,685.9848229342327,46.0,3.0,
606,2015-01-06,1257,1339909,1065.9578361177407,49.0,2.0,
605,2015-01-07,1301,847268,651.2436587240584,51.0,2.0,
604,2015-01-08,1295,973469,751.7135135135135,52.0,2.0,
603,2015-01-09,1173,767453,654.2651321398124,55.0,4.0,
602,2015-01-10,361,510851,1415.0997229916898,54.0,3.0,Fog
601,2015-01-11,326,466383,1430.622699386503,50.0,3.0,Fog
600,2015-01-12,1347,1282328,951.9881217520416,49.0,2.0,Fog
599,2015-01-13,1366,867719,635.2262079062957,55.0,3.0,Fog
598,2015-01-14,1296,925626,714.2175925925926,49.0,3.0,
597,2015-01-15,1230,821655,668.0121951219512,50.0,4.0,Fog
596,2015-01-16,1078,827422,767.5528756957328,50.0,3.0,Fog-Rain
595,2015-01-17,321,858718,2675.133956386293,53.0,5.0,
594,2015-01-18,274,826931,3017.9963503649633,57.0,4.0,Fog
593,2015-01-19,622,583547,938.1784565916398,55.0,5.0,
592,2015-01-20,1213,680099,560.6751854905194,52.0,2.0,Fog
591,2015-01-21,1313,764903,582.5613099771516,51.0,5.0,
590,2015-01-22,1224,925417,756.0596405228758,51.0,6.0,
589,2015-01-23,1166,825430,707.9159519725557,52.0,3.0,
588,2015-01-24,416,661916,1591.1442307692307,58.0,7.0,
587,2015-01-25,261,624529,2392.8314176245212,50.0,4.0,
586,2015-01-26,1246,911414,731.4719101123595,51.0,3.0,
585,2015-01-27,1258,745477,592.5890302066773,57.0,4.0,
584,2015-01-28,1346,1468992,1091.3759286775633,53.0,3.0,Fog
583,2015-01-29,1300,1277336,982.5661538461538,53.0,3.0,Fog
582,2015-01-30,1192,768704,644.8859060402684,54.0,5.0,Fog
581,2015-01-31,374,811609,2170.077540106952,59.0,4.0,Fog
580,2015-02-01,251,297134,1183.800796812749,53.0,3.0,
579,2015-02-02,1308,1085065,829.5603975535169,54.0,3.0,
578,2015-02-03,1366,943449,690.6654465592973,57.0,3.0,
577,2015-02-04,1366,1289128,943.7247437774524,55.0,5.0,Fog
576,2015-02-05,1273,738535,580.1531814611154,56.0,6.0,
575,2015-02-06,609,322196,529.0574712643678,61.0,22.0,Rain
574,2015-02-07,313,334730,1069.4249201277955,59.0,6.0,Rain
573,2015-02-08,141,254574,1805.4893617021276,58.0,15.0,Rain
572,2015-02-09,1248,992025,794.8918269230769,57.0,8.0,
571,2015-02-10,1368,848007,619.8881578947369,54.0,4.0,Fog
570,2015-02-11,1342,858504,639.7198211624441,53.0,3.0,
569,2015-02-12,1306,771875,591.0222052067381,58.0,2.0,
568,2015-02-13,1290,1137820,882.031007751938,58.0,3.0,
567,2015-02-14,560,1091524,1949.15,59.0,4.0,
566,2015-02-15,380,2492626,6559.542105263158,58.0,3.0,
565,2015-02-16,545,886419,1626.456880733945,59.0,6.0,
564,2015-02-17,1279,1066798,834.0875684128225,56.0,6.0,
563,2015-02-18,1235,1037251,839.8793522267207,57.0,5.0,
562,2015-02-19,1174,1114797,949.5715502555366,56.0,5.0,
561,2015-02-20,1104,1427941,1293.4248188405797,59.0,3.0,
560,2015-02-21,331,545711,1648.6737160120847,57.0,5.0,
559,2015-02-22,289,643193,2225.581314878893,56.0,8.0,Fog
558,2015-02-23,1282,1076221,839.4859594383776,54.0,7.0,
557,2015-02-24,1169,984224,841.9366980325065,50.0,5.0,Fog
556,2015-02-25,1211,812650,671.0569777043765,55.0,5.0,
555,2015-02-26,1240,744048,600.0387096774193,56.0,6.0,
554,2015-02-27,1086,730286,672.4548802946593,56.0,19.0,
553,2015-02-28,337,1185632,3518.1958456973293,52.0,7.0,Rain-Thunderstorm
552,2015-03-01,338,695783,2058.5295857988167,54.0,7.0,
551,2015-03-02,1209,709498,586.8469809760132,52.0,5.0,
550,2015-03-03,1296,886300,683.8734567901234,53.0,5.0,
549,2015-03-04,1244,854700,687.0578778135048,54.0,4.0,
548,2015-03-05,1227,1434306,1168.9535452322739,56.0,4.0,
547,2015-03-06,1243,1089341,876.3805309734513,57.0,4.0,
546,2015-03-07,398,968751,2434.047738693467,58.0,6.0,
545,2015-03-08,395,837883,2121.2227848101265,55.0,7.0,Fog
544,2015-03-09,1042,659305,632.7303262955854,57.0,6.0,
543,2015-03-10,1186,1093162,921.7217537942664,56.0,5.0,Fog
542,2015-03-11,1212,731003,603.1377887788778,58.0,5.0,Rain
541,2015-03-12,1327,1068242,805.0052750565185,60.0,5.0,
540,2015-03-13,1210,1045419,863.9826446280991,61.0,4.0,
539,2015-03-14,474,1200377,2532.440928270042,66.0,5.0,
538,2015-03-15,379,888082,2343.2242744063324,62.0,5.0,
537,2015-03-16,1298,1075795,828.8097072419106,61.0,5.0,
536,2015-03-17,1366,996287,729.3462664714494,59.0,9.0,
535,2015-03-18,1318,1300152,986.4582701062216,58.0,6.0,
534,2015-03-19,1361,936178,687.860396767083,60.0,6.0,
533,2015-03-20,1206,890157,738.1069651741293,57.0,6.0,
532,2015-03-21,376,695515,1849.7739361702127,63.0,6.0,
531,2015-03-22,282,509856,1808.0,60.0,9.0,Rain
530,2015-03-23,1244,1194231,959.9927652733119,59.0,10.0,
529,2015-03-24,1341,1125115,839.0119313944817,59.0,7.0,
528,2015-03-25,1406,1148118,816.5846372688478,60.0,6.0,
527,2015-03-26,1351,993839,735.6321243523316,65.0,5.0,
526,2015-03-27,1261,1136842,901.5400475812847,58.0,9.0,Fog
525,2015-03-28,512,1040296,2031.828125,61.0,6.0,
524,2015-03-29,367,936396,2551.4877384196184,60.0,6.0,
523,2015-03-30,1404,1219812,868.8119658119658,56.0,8.0,
522,2015-03-31,1351,1059203,784.0140636565507,62.0,16.0,
521,2015-04-01,1380,959837,695.5340579710145,55.0,9.0,
520,2015-04-02,1394,1203673,863.4670014347203,59.0,10.0,
519,2015-04-03,1157,1103369,953.6464995678479,56.0,8.0,
518,2015-04-04,341,683808,2005.3020527859237,54.0,11.0,
517,2015-04-05,216,584995,2708.310185185185,54.0,11.0,Rain
516,2015-04-06,1280,864134,675.1046875,54.0,13.0,
515,2015-04-07,1099,804112,731.6760691537762,55.0,15.0,Rain
514,2015-04-08,1344,976029,726.2120535714286,55.0,8.0,Rain
513,2015-04-09,1322,962835,728.3169440242058,55.0,6.0,
512,2015-04-10,1245,1168081,938.217670682731,56.0,7.0,
511,2015-04-11,404,852605,2110.408415841584,60.0,7.0,
510,2015-04-12,305,608253,1994.272131147541,61.0,6.0,
509,2015-04-13,1338,1139840,851.898355754858,56.0,15.0,
508,2015-04-14,1329,1032578,776.9586155003763,57.0,13.0,
507,2015-04-15,1358,960934,707.6097201767304,59.0,8.0,
506,2015-04-16,1362,1161809,853.0168869309839,65.0,8.0,
505,2015-04-17,1252,918394,733.5415335463259,60.0,7.0,
504,2015-04-18,414,866401,2092.756038647343,58.0,9.0,
503,2015-04-19,326,708152,2172.245398773006,56.0,9.0,
502,2015-04-20,1299,976822,751.9799846035412,58.0,12.0,
501,2015-04-21,1373,852517,620.9155134741442,57.0,14.0,
500,2015-04-22,1374,923486,672.1149927219797,59.0,9.0,
499,2015-04-23,1369,1006633,735.3053323593864,58.0,10.0,
498,2015-04-24,1172,770514,657.4351535836178,58.0,19.0,Rain
497,2015-04-25,398,697745,1753.1281407035176,57.0,15.0,Rain
496,2015-04-26,296,760585,2569.5439189189187,58.0,7.0,
495,2015-04-27,1233,865555,701.9910786699107,66.0,9.0,
494,2015-04-28,1374,980963,713.9468704512373,58.0,9.0,
493,2015-04-29,1315,951617,723.6631178707224,59.0,8.0,
492,2015-04-30,1293,1004646,776.9883990719258,67.0,6.0,
491,2015-05-01,1284,1090791,849.5257009345794,65.0,9.0,
490,2015-05-02,350,775228,2214.937142857143,59.0,9.0,
489,2015-05-03,347,712827,2054.256484149856,58.0,11.0,
488,2015-05-04,1294,813488,628.661514683153,55.0,11.0,
487,2015-05-05,1369,877821,641.2132943754565,57.0,11.0,
486,2015-05-06,1376,1767471,1284.499273255814,58.0,9.0,
485,2015-05-07,1357,840007,619.0176860722181,57.0,6.0,Rain
484,2015-05-08,1246,1085944,871.5441412520064,56.0,9.0,
483,2015-05-09,368,756778,2056.461956521739,58.0,11.0,
482,2015-05-10,270,697638,2583.8444444444444,57.0,9.0,
481,2015-05-11,1291,969142,750.6909372579396,57.0,14.0,
480,2015-05-12,1309,1050595,802.5935828877006,58.0,18.0,
479,2015-05-13,1336,1074463,804.2387724550898,57.0,12.0,
478,2015-05-14,1345,1157044,860.2557620817844,60.0,9.0,Rain
477,2015-05-15,1164,892994,767.1769759450171,57.0,13.0,
476,2015-05-16,397,1188044,2992.554156171285,57.0,12.0,
475,2015-05-17,328,670140,2043.1097560975609,59.0,13.0,
474,2015-05-18,1277,1064674,833.7306186374315,57.0,13.0,
473,2015-05-19,1383,1068982,772.9443239334779,59.0,12.0,
472,2015-05-20,1247,882316,707.550922213312,61.0,11.0,Rain
471,2015-05-21,1354,1021207,754.2149187592319,60.0,10.0,Rain
470,2015-05-22,1127,848101,752.5297249334517,59.0,12.0,
469,2015-05-23,393,2665382,6782.142493638677,58.0,11.0,
468,2015-05-24,333,839492,2520.996996996997,57.0,11.0,
467,2015-05-25,322,451001,1400.6242236024846,58.0,12.0,
466,2015-05-26,1222,903158,739.0818330605565,59.0,11.0,Rain
465,2015-05-27,1261,1188644,942.6201427438541,58.0,12.0,
464,2015-05-28,1285,1459712,1135.962645914397,58.0,10.0,
463,2015-05-29,1202,986371,820.608153078203,57.0,10.0,
462,2015-05-30,432,753448,1744.0925925925926,59.0,9.0,
461,2015-05-31,272,1471396,5409.544117647059,59.0,11.0,
460,2015-06-01,1226,1071156,873.6998368678629,65.0,10.0,Rain
459,2015-06-02,1387,969642,699.0930064888248,61.0,11.0,
458,2015-06-03,1350,1307132,968.2459259259259,60.0,10.0,
457,2015-06-04,1415,1116294,788.9003533568905,62.0,9.0,
456,2015-06-05,1269,1090931,859.6776989755713,61.0,9.0,
455,2015-06-06,334,686349,2054.937125748503,64.0,9.0,
454,2015-06-07,390,1375132,3525.979487179487,65.0,8.0,
453,2015-06-08,1271,986617,776.2525570416994,72.0,8.0,
452,2015-06-09,1383,944443,682.8944323933478,66.0,6.0,
451,2015-06-10,956,765782,801.0271966527197,64.0,6.0,Fog-Rain
450,2015-06-11,1437,1049332,730.224077940153,65.0,8.0,
449,2015-06-12,1274,956534,750.8116169544741,65.0,9.0,
448,2015-06-13,423,601435,1421.8321513002363,65.0,9.0,
447,2015-06-14,275,1255266,4564.603636363637,61.0,12.0,
446,2015-06-15,1331,1303830,979.5867768595041,58.0,11.0,
445,2015-06-16,1408,889472,631.7272727272727,62.0,12.0,
444,2015-06-17,1352,1103404,816.1272189349113,61.0,9.0,
443,2015-06-18,1353,875987,647.4405025868441,59.0,10.0,
442,2015-06-19,1241,1022399,823.8509266720387,62.0,9.0,
441,2015-06-20,402,920153,2288.9378109452737,61.0,9.0,
440,2015-06-21,305,1200159,3934.9475409836064,62.0,12.0,
439,2015-06-22,1298,1380662,1063.6841294298922,59.0,10.0,
438,2015-06-23,1392,1036675,744.7377873563219,62.0,9.0,
437,2015-06-24,1337,19088337,14276.991024682124,64.0,9.0,
436,2015-06-25,1390,1349284,970.7079136690647,68.0,7.0,
435,2015-06-26,1313,1218976,928.3899466869764,66.0,10.0,
434,2015-06-27,467,1028338,2202.0085653104925,66.0,9.0,
433,2015-06-28,404,946307,2342.3440594059407,66.0,12.0,
432,2015-06-29,1245,1414962,1136.5156626506025,65.0,10.0,
431,2015-06-30,1282,905286,706.1513260530421,70.0,8.0,
430,2015-07-01,1201,760687,633.3780183180683,67.0,9.0,
429,2015-07-02,1019,920533,903.368989205103,67.0,11.0,
428,2015-07-03,436,761569,1746.717889908257,67.0,11.0,
427,2015-07-04,445,1621855,3644.61797752809,66.0,11.0,
426,2015-07-05,294,1037531,3529.017006802721,68.0,11.0,
425,2015-07-06,1243,1673594,1346.4151246983106,67.0,13.0,Rain
424,2015-07-07,1363,1541293,1130.8092443140133,67.0,13.0,
423,2015-07-08,1401,960774,685.7773019271949,65.0,13.0,
422,2015-07-09,1261,923889,732.6637589214909,63.0,10.0,Rain
421,2015-07-10,1240,1000124,806.5516129032258,67.0,10.0,
420,2015-07-11,492,1510646,3070.418699186992,68.0,12.0,
419,2015-07-12,384,1174852,3059.5104166666665,69.0,11.0,
418,2015-07-13,1344,1112891,828.0438988095239,68.0,12.0,
417,2015-07-14,1360,854352,628.2,65.0,12.0,
416,2015-07-15,1378,957951,695.1748911465893,68.0,10.0,
415,2015-07-16,1383,1080830,781.5112075198844,68.0,9.0,
414,2015-07-17,1252,1048410,837.388178913738,68.0,10.0,
413,2015-07-18,368,764763,2078.1603260869565,68.0,9.0,
412,2015-07-19,401,980229,2444.4613466334163,74.0,6.0,
411,2015-07-20,1389,1022869,736.4067674586033,71.0,9.0,
410,2015-07-21,1346,1047202,778.0104011887073,65.0,11.0,
409,2015-07-22,1309,1166434,891.0878533231474,65.0,14.0,
408,2015-07-23,1322,4164128,3149.869894099849,65.0,13.0,
407,2015-07-24,1255,1050299,836.8916334661354,67.0,11.0,
406,2015-07-25,363,754481,2078.4600550964187,65.0,10.0,
405,2015-07-26,433,804389,1857.7113163972285,65.0,9.0,
404,2015-07-27,1361,1038357,762.9368111682586,69.0,9.0,
403,2015-07-28,1447,1152215,796.2785072563926,72.0,6.0,
402,2015-07-29,1417,1094601,772.4777699364855,70.0,10.0,
401,2015-07-30,1330,897179,674.5706766917293,68.0,11.0,
400,2015-07-31,1235,1224450,991.4574898785426,67.0,11.0,
399,2015-08-01,427,882955,2067.810304449649,69.0,12.0,
398,2015-08-02,320,681665,2130.203125,68.0,12.0,
397,2015-08-03,1283,1042153,812.2782540919719,70.0,14.0,
396,2015-08-04,1360,1178124,866.2676470588235,69.0,10.0,
395,2015-08-05,1343,1622940,1208.4437825763216,67.0,8.0,
394,2015-08-06,1299,1106962,852.1647421093148,65.0,8.0,Rain-Thunderstorm
393,2015-08-07,1193,1011209,847.6186085498742,69.0,10.0,
392,2015-08-08,436,1075579,2466.9243119266057,66.0,11.0,
391,2015-08-09,359,639261,1780.6713091922006,66.0,11.0,
390,2015-08-10,1283,996814,776.9399844115354,67.0,13.0,
389,2015-08-11,1397,1422099,1017.9663564781675,67.0,11.0,
388,2015-08-12,1403,1367194,974.4789736279401,67.0,9.0,
387,2015-08-13,1397,960491,687.5382963493199,70.0,10.0,
386,2015-08-14,1187,1069602,901.0968828980623,69.0,9.0,
385,2015-08-15,450,975216,2167.1466666666665,75.0,5.0,
384,2015-08-16,393,589158,1499.1297709923665,77.0,5.0,
383,2015-08-17,1419,958876,675.7406624383368,70.0,10.0,
382,2015-08-18,1405,839836,597.7480427046263,68.0,10.0,
381,2015-08-19,1350,986489,730.7325925925926,69.0,11.0,
380,2015-08-20,1357,1315497,969.415622697126,66.0,12.0,
379,2015-08-21,1210,907585,750.0702479338843,66.0,11.0,
378,2015-08-22,426,837388,1965.6995305164319,68.0,8.0,
377,2015-08-23,310,487084,1571.2387096774194,67.0,10.0,
376,2015-08-24,1304,1013872,777.5092024539878,68.0,10.0,
375,2015-08-25,1427,1371573,961.1583742116328,67.0,10.0,
374,2015-08-26,1466,1189316,811.2660300136425,69.0,6.0,
373,2015-08-27,1442,1144655,793.7968099861304,72.0,6.0,
372,2015-08-28,1220,898463,736.4450819672131,77.0,8.0,
371,2015-08-29,342,689111,2014.9444444444443,71.0,11.0,Rain
370,2015-08-30,331,769140,2323.68580060423,70.0,11.0,
369,2015-08-31,1370,1075244,784.8496350364964,69.0,9.0,
